"Original Name","Search Keyword","Item Name on Carrefour","Price"
"اونجى مناديل 120 منديل","اونجى مناديل 120 منديل | اونجى مناديل 120","",""
"هايت فريش مناديل 40 منديل","هايت فريش مناديل 40 منديل | هايت فريش مناديل","",""
"حرير سويت شرائح","حرير سويت شرائح","",""
"فريده منظف ارضيات مشمش 480 مل","فريده منظف ارضيات مشمش 480 مل | فريده منظف ارضيات مشمش 480 | فريده منظف ارضيات","",""
"بليس ليف ان كريم 450 جرام فيتامين E","بليس ليف ان كريم 450 جرام فيتامين E | بليس ليف ان كريم 450 | بليس ليف ان","",""
"بليس ليف ان كريم 450 جرام بجوز الهند","بليس ليف ان كريم 450 جرام بجوز الهند | بليس ليف ان كريم 450 | بليس ليف ان","",""
"نونو شامبو اطفال لافندر 200 مل","نونو شامبو اطفال لافندر 200 مل | نونو شامبو اطفال لافندر 200 | نونو شامبو اطفال","",""
"بليس ليف ان كريم بجوز الهند 250 ملى","بليس ليف ان كريم بجوز الهند 250 ملى | بليس ليف ان كريم بجوز | بليس ليف ان","",""
"بليس ليف ان كريم بزيت الارجان 180 مل","بليس ليف ان كريم بزيت الارجان 180 مل | بليس ليف ان كريم بزيت | بليس ليف ان","",""
"بليس ليف ان كريم بالشيا 250 ملى","بليس ليف ان كريم بالشيا 250 ملى | بليس ليف ان كريم بالشيا | بليس ليف ان","",""
"بليس ليف ان كريم بزبدة الشيا 180 مل","بليس ليف ان كريم بزبدة الشيا 180 مل | بليس ليف ان كريم بزبدة | بليس ليف ان","",""
"اونجى مناديل 72 منديل","اونجى مناديل 72 منديل | اونجى مناديل 72","",""
"ماكرو جولد اكستند غسول نسائى للمنطقه الحساسه 120 مل","ماكرو جولد اكستند غسول نسائى للمنطقه الحساسه 120 مل | ماكرو جولد اكستند غسول نسائى | ماكرو جولد اكستند","",""
"ديوركس عازل طبى الوان علبه*3ق","ديوركس عازل طبى الوان 3ق | ديوركس عازل طبى","",""
"ديوركس عازل طبى امان تام ازرق علبه3ق","ديوركس عازل طبى امان تام ازرق علبه3ق | ديوركس عازل طبى امان تام | ديوركس عازل طبى","",""
"كيدى جارد مناديل 72 منديل","كيدى جارد مناديل 72 منديل | كيدى جارد مناديل","",""
"ستاركى شامبو 400 ملى ارجان","ستاركى شامبو 400 ملى ارجان | ستاركى شامبو 400","",""
"ستاركى شامبو 400 ملى جوزهند","ستاركى شامبو 400 ملى جوزهند | ستاركى شامبو 400","",""
"ستاركى شامبو 400 ملى بالفحم","ستاركى شامبو 400 ملى بالفحم | ستاركى شامبو 400","",""
"ستاركى شامبو 400 ملى لافندر","ستاركى شامبو 400 ملى لافندر | ستاركى شامبو 400","",""
"اونجى مناديل 72 منديل","اونجى مناديل 72 منديل | اونجى مناديل 72","",""
"هايت فريش مناديل 72 منديل","هايت فريش مناديل 72 منديل | هايت فريش مناديل","",""
"هايت فريش مناديل 120 منديل","هايت فريش مناديل 120 منديل | هايت فريش مناديل","",""
"هايت فريش مناديل 72 منديل","هايت فريش مناديل 72 منديل | هايت فريش مناديل","",""
"هايت فريش مناديل 120 منديل","هايت فريش مناديل 120 منديل | هايت فريش مناديل","",""
"جيليت بلو تو ماكينه صبار بلاس حصائر","جيليت بلو تو ماكينه صبار بلاس | جيليت بلو تو ماكينه صبار | جيليت بلو تو","",""
"بانتين بديل الزيت 275 ملى عادى عنايه ملكى للتلف","بانتين بديل الزيت 275 ملى عادى عنايه ملكى للتلف | بانتين بديل الزيت 275 ملى | بانتين بديل الزيت","",""
"بانتين بديل الزيت 275 ملى عادى انسيابى و حريرى","بانتين بديل الزيت 275 ملى عادى انسيابى و حريرى | بانتين بديل الزيت 275 ملى | بانتين بديل الزيت","",""
"فيانسيه حمام كريم 7*1 بالافوكادو و الزيتون 950مل","فيانسيه حمام كريم 7*1 بالافوكادو و الزيتون 950مل | فيانسيه حمام كريم 7*1 بالافوكادو | فيانسيه حمام كريم","",""
"لوريال بديل الزيت 300 ملى مقاومه كامله لسقوط الشعر","لوريال بديل الزيت 300 ملى مقاومه كامله لسقوط الشعر | لوريال بديل الزيت 300 ملى | لوريال بديل الزيت","",""
"فيانسيه حمام كريم 7*1 بالليمون و الالوفيرا 950مل","فيانسيه حمام كريم 7*1 بالليمون و الالوفيرا 950مل | فيانسيه حمام كريم 7*1 بالليمون | فيانسيه حمام كريم","",""
"فيانسيه حمام كريم 7*1 بجوز الهند والارجان 950مل","فيانسيه حمام كريم 7*1 بجوز الهند والارجان 950مل | فيانسيه حمام كريم 7*1 بجوز | فيانسيه حمام كريم","",""
"فيانسيه حمام كريم 7*1 بالروزمارى و الجوجوبا 950مل","فيانسيه حمام كريم 7*1 بالروزمارى و الجوجوبا 950مل | فيانسيه حمام كريم 7*1 بالروزمارى | فيانسيه حمام كريم","",""
"فيانسيه حمام كريم 7*1 بالبصل و الخروع 950مل","فيانسيه حمام كريم 7*1 بالبصل و الخروع 950مل | فيانسيه حمام كريم 7*1 بالبصل | فيانسيه حمام كريم","",""
"لوريال بديل الزيت 300 ملى توتال ريبير 5","لوريال بديل الزيت 300 ملى توتال ريبير 5 | لوريال بديل الزيت 300 ملى | لوريال بديل الزيت","",""
"كامينا شاور 3.3لتر برائحه الاعشاب","كامينا شاور 3.3لتر برائحه الاعشاب | كامينا شاور 3.3لتر","",""
"هيد شامبو 1 لتر عادى وانسيابى وحريرى","هيد شامبو 1 لتر عادى وانسيابى وحريرى | هيد شامبو 1 لتر عادى | هيد شامبو 1","",""
"هيد شامبو ديتوكس الفحم 1 لتر","هيد شامبو ديتوكس الفحم 1 لتر | هيد شامبو ديتوكس الفحم 1 | هيد شامبو ديتوكس","",""
"هيد شامبو 1 لتر النعناع المنعش","هيد شامبو 1 لتر النعناع المنعش | هيد شامبو 1 لتر النعناع | هيد شامبو 1","",""
"هيد شامبو نظيف وانيق 1 لتر","هيد شامبو نظيف وانيق 1 لتر | هيد شامبو نظيف وانيق 1 | هيد شامبو نظيف","",""
"كامينا شاور 3.3لتر برائحه الورد","كامينا شاور 3.3لتر برائحه الورد | كامينا شاور 3.3لتر","",""
"فلاى بيبى فرشه اسنان أطفال FN-903","فلاى بيبى اسنان أطفال FN-903 | فلاى بيبى اسنان","",""
"فيانسيه زيت مغذى للشعر بالزيتون175 ملى","فيانسيه زيت مغذى للشعر بالزيتون175 ملى | فيانسيه زيت مغذى للشعر بالزيتون175 | فيانسيه زيت مغذى","",""
"فيانسيه زيت شعر مغذى 7*1 175 ملى","فيانسيه زيت شعر مغذى 7*1 175 ملى | فيانسيه زيت شعر مغذى 7*1 | فيانسيه زيت شعر","",""
"لوريال بديل الزيت 300 ملى تغذيه *9 اكثر للشعر العادى و الجاف","لوريال بديل الزيت 300 ملى تغذيه *9 اكثر للشعر العادى و الجاف | لوريال بديل الزيت 300 ملى | لوريال بديل الزيت","",""
"هيد شامبو ديتوكس بالفحم 400 مل","هيد شامبو ديتوكس بالفحم 400 مل | هيد شامبو ديتوكس بالفحم 400 | هيد شامبو ديتوكس","",""
"هيد شامبو 600 ملى عادى نظيف وانيق","هيد شامبو 600 ملى عادى نظيف وانيق | هيد شامبو 600 ملى عادى | هيد شامبو 600","",""
"هيد شامبو 600 ملى عادى انسيابى وحرير","هيد شامبو 600 ملى عادى انسيابى وحرير | هيد شامبو 600 ملى عادى | هيد شامبو 600","",""
"هيد شامبو انسيابى وحريرى 400 مل","هيد شامبو انسيابى وحريرى 400 مل | هيد شامبو انسيابى وحريرى 400 | هيد شامبو انسيابى","",""
"دوف كريم مركز 150جرام عادى","دوف كريم مركز 150جرام عادى | دوف كريم مركز","",""
"دوف كريم الجمال 150جرام","دوف كريم الجمال 150جرام | دوف كريم الجمال","",""
"سيجنال وايت ناو اوريجينال 75 مل + فرشه","سيجنال وايت ناو اوريجينال 75 مل + | سيجنال وايت ناو اوريجينال 75 | سيجنال وايت ناو","",""
"فيبكس 10 احمر حريمى","فيبكس 10 احمر حريمى | فيبكس 10 احمر","",""
"فيبكس 10 اخضر كلاسيك","فيبكس 10 اخضر كلاسيك | فيبكس 10 اخضر","",""
"فيانسيه زيت مغذى للشعر بالصبار 175 ملى","فيانسيه زيت مغذى للشعر بالصبار 175 ملى | فيانسيه زيت مغذى للشعر بالصبار | فيانسيه زيت مغذى","",""
"فيانسيه زيت شعر 7*1 بالخلطه السعوديه 175 ملى","فيانسيه زيت شعر 7*1 بالخلطه السعوديه 175 ملى | فيانسيه زيت شعر 7*1 بالخلطه | فيانسيه زيت شعر","",""
"لوكس صابون بشره مثاليه 75جرام","لوكس صابون بشره مثاليه 75جرام | لوكس صابون بشره","",""
"ايفا جلسرين كريم بشره 170 جرام","ايفا جلسرين كريم بشره 170 جرام | ايفا جلسرين كريم بشره 170 | ايفا جلسرين كريم","",""
"ايفا سموكرز بودره اسنان بالمنتول 40 جرام","ايفا سموكرز بودره اسنان بالمنتول 40 جرام | ايفا سموكرز بودره اسنان بالمنتول | ايفا سموكرز بودره","",""
"تمارا فازلين طبى 110 ملى","تمارا فازلين طبى 110 ملى | تمارا فازلين طبى","",""
"كامى صابون 115جرام عادى رومانسيه Romantique","كامى صابون 115جرام عادى رومانسيه Romantique | كامى صابون 115جرام عادى رومانسيه | كامى صابون 115جرام","",""
"لوكس صابون بشره نضره 165جم","لوكس صابون بشره نضره 165جم | لوكس صابون بشره","",""
"كامى صابون 115جرام عادى اناقه","كامى صابون 115جرام عادى اناقه | كامى صابون 115جرام","",""
"اكس اسبراى برفان دارك تمبتيشن 17 ملى","اكس اسبراى برفان دارك تمبتيشن 17 ملى | اكس اسبراى برفان دارك تمبتيشن | اكس اسبراى برفان","",""
"بيور بودرة اطفال بدون عطر 200 جرام","بيور بودرة اطفال بدون عطر 200 جرام | بيور بودرة اطفال بدون عطر | بيور بودرة اطفال","",""
"الو ايفا زيت بخلاصة الصبار 170 مل","الو ايفا زيت بخلاصة الصبار 170 مل | الو ايفا زيت بخلاصة الصبار | الو ايفا زيت","",""
"الو ايفا زيت بخلاصة الصبار 255 مل","الو ايفا زيت بخلاصة الصبار 255 مل | الو ايفا زيت بخلاصة الصبار | الو ايفا زيت","",""
"الو ايفا زيت بخلاصة الصبار 85 مل","الو ايفا زيت بخلاصة الصبار 85 مل | الو ايفا زيت بخلاصة الصبار | الو ايفا زيت","",""
"بيج بن فوم 200 ملى","بيج بن فوم 200 ملى | بيج بن فوم","",""
"نوكس كريم حلاقة فوم للبشرة العادية 100 مل","نوكس كريم حلاقة فوم للبشرة العادية 100 مل | نوكس كريم حلاقة فوم للبشرة | نوكس كريم حلاقة","",""
"نوكس كريم حلاقة فوم للبشرة العادية 200 مل","نوكس كريم حلاقة فوم للبشرة العادية 200 مل | نوكس كريم حلاقة فوم للبشرة | نوكس كريم حلاقة","",""
"ايفا اوبتيموم كير ريسبى لوشن للجسم برائحة جوز الهند 370 مل","ايفا اوبتيموم كير ريسبى لوشن للجسم برائحة جوز الهند 370 مل | ايفا اوبتيموم كير ريسبى لوشن | ايفا اوبتيموم كير","",""
"ايفا اوبتيموم كير ريسبى لوشن للجسم برائحة الخوخ 370 مل","ايفا اوبتيموم كير ريسبى لوشن للجسم برائحة الخوخ 370 مل | ايفا اوبتيموم كير ريسبى لوشن | ايفا اوبتيموم كير","",""
"ايفا اوبتيموم كير ريسبى لوشن للجسم برائحة التوت 370 مل","ايفا اوبتيموم كير ريسبى لوشن للجسم برائحة التوت 370 مل | ايفا اوبتيموم كير ريسبى لوشن | ايفا اوبتيموم كير","",""
"ايفا اوبتيموم كير ريسبى لوشن للجسم برائحة الموكا 370 مل","ايفا اوبتيموم كير ريسبى لوشن للجسم برائحة الموكا 370 مل | ايفا اوبتيموم كير ريسبى لوشن | ايفا اوبتيموم كير","",""
"ايفا اوبتيموم كير ريسبى لوشن للجسم برائحة الفانيليا 370 مل","ايفا اوبتيموم كير ريسبى لوشن للجسم برائحة الفانيليا 370 مل | ايفا اوبتيموم كير ريسبى لوشن | ايفا اوبتيموم كير","",""
"لورد معجون حلاقه بالنعناع 55 جم","لورد معجون حلاقه بالنعناع 55 جم | لورد معجون حلاقه بالنعناع 55 | لورد معجون حلاقه","",""
"جوكى اسبراى نايت لايف 150 مل","جوكى اسبراى نايت لايف 150 مل | جوكى اسبراى نايت لايف 150 | جوكى اسبراى نايت","",""
"كازانوفا زيت شعر 210 ملى زيت حيه","كازانوفا زيت شعر 210 ملى زيت حيه | كازانوفا زيت شعر 210 ملى | كازانوفا زيت شعر","",""
"كازانوفا زيت شعر 210 ملى جوز هند","كازانوفا زيت شعر 210 ملى جوز هند | كازانوفا زيت شعر 210 ملى | كازانوفا زيت شعر","",""
"بيج بن فوم 200 ملى","بيج بن فوم 200 ملى | بيج بن فوم","",""
"انجرام فوم حلاقه 200 ملى","انجرام فوم حلاقه 200 ملى | انجرام فوم حلاقه","",""
"نوكس كريم حلاقة فوم للبشرة العادية 200 مل","نوكس كريم حلاقة فوم للبشرة العادية 200 مل | نوكس كريم حلاقة فوم للبشرة | نوكس كريم حلاقة","",""
"كازانوفا زيت شعر 210 ملى جرجير","كازانوفا زيت شعر 210 ملى جرجير | كازانوفا زيت شعر 210 ملى | كازانوفا زيت شعر","",""
"نوكس كريم حلاقة فوم للبشرة العادية 100 مل","نوكس كريم حلاقة فوم للبشرة العادية 100 مل | نوكس كريم حلاقة فوم للبشرة | نوكس كريم حلاقة","",""
"فوج اسبراى ديناميكى جيب 17 ملى","فوج اسبراى ديناميكى جيب 17 ملى | فوج اسبراى ديناميكى جيب 17 | فوج اسبراى ديناميكى","",""
"اوسم عطر اسبراى 120 ملى حريمى تشيرش","اوسم عطر اسبراى 120 ملى حريمى تشيرش | اوسم عطر اسبراى 120 ملى | اوسم عطر اسبراى","",""
"اوسم عطر اسبراى 120 ملى حريمى باشون","اوسم عطر اسبراى 120 ملى حريمى باشون | اوسم عطر اسبراى 120 ملى | اوسم عطر اسبراى","",""
"بيور بودره ثلج اكياس 60 جرام","بيور بودره ثلج اكياس 60 جرام | بيور بودره ثلج اكياس 60 | بيور بودره ثلج","",""
"جوكى اسبراى صن سيت 150 مل","جوكى اسبراى صن سيت 150 مل | جوكى اسبراى صن سيت 150 | جوكى اسبراى صن","",""
"فوج عطر اسبراى 120 ملى ديناميك","فوج عطر اسبراى 120 ملى ديناميك | فوج عطر اسبراى 120 ملى | فوج عطر اسبراى","",""
"ريكسونا اسبراى حريمى بامبو + بامبو 150مل","ريكسونا اسبراى حريمى بامبو + بامبو 150مل | ريكسونا اسبراى حريمى بامبو + | ريكسونا اسبراى حريمى","",""
"دوف اسبراى بالخيار والشاى الاخضر 150 مل","دوف اسبراى بالخيار والشاى الاخضر 150 مل | دوف اسبراى بالخيار والشاى الاخضر | دوف اسبراى بالخيار","",""
"فوج عطر اسبراى 120 ملى حريمى ايسنس","فوج عطر اسبراى 120 ملى حريمى ايسنس | فوج عطر اسبراى 120 ملى | فوج عطر اسبراى","",""
"اسبراى رجالى بليونير ذهبى 150مل XL","اسبراى رجالى بليونير ذهبى 150مل XL | اسبراى رجالى بليونير ذهبى 150مل | اسبراى رجالى بليونير","",""
"اسبراى رجالى ازارو ازرق 150مل XL","اسبراى رجالى ازارو ازرق 150مل XL | اسبراى رجالى ازارو ازرق 150مل | اسبراى رجالى ازارو","",""
"اسبراى رجالى رويال عود 150مل XL","اسبراى رجالى رويال عود 150مل XL | اسبراى رجالى رويال عود 150مل | اسبراى رجالى رويال","",""
"جوكي هير واكس صفيح 100 جم (اصفر)","جوكي هير واكس صفيح 100 جم | جوكي هير واكس صفيح 100 | جوكي هير واكس","",""
"كازانوفا كريم شعر 150 ملى زجاج اصفر","كازانوفا كريم شعر 150 ملى زجاج اصفر | كازانوفا كريم شعر 150 ملى | كازانوفا كريم شعر","",""
"كازانوفا كريم شعر 150 ملى زجاج ابيض للشعر العادى","كازانوفا كريم شعر 150 ملى زجاج ابيض للشعر العادى | كازانوفا كريم شعر 150 ملى | كازانوفا كريم شعر","",""
"اسبراى رجالى لا هوم 1 فضى 150مل XL","اسبراى رجالى لا هوم 1 فضى 150مل XL | اسبراى رجالى لا هوم 1 | اسبراى رجالى لا","",""
"اسبراى رجالى رويال عود 150مل XL","اسبراى رجالى رويال عود 150مل XL | اسبراى رجالى رويال عود 150مل | اسبراى رجالى رويال","",""
"ريبوك اسبراى مزيل عرق رجالى اواكن 150 مل","ريبوك اسبراى مزيل عرق رجالى اواكن 150 مل | ريبوك اسبراى مزيل عرق رجالى | ريبوك اسبراى مزيل","",""
"ريبوك اسبراى مزيل عرق رجالى ريفال 150 مل","ريبوك اسبراى مزيل عرق رجالى ريفال 150 مل | ريبوك اسبراى مزيل عرق رجالى | ريبوك اسبراى مزيل","",""
"ريبوك اسبراى مزيل عرق رجالى موف يور سبريت 150 مل","ريبوك اسبراى مزيل عرق رجالى موف يور سبريت 150 مل | ريبوك اسبراى مزيل عرق رجالى | ريبوك اسبراى مزيل","",""
"اكس اسبراى مستورد 150 مل","اكس اسبراى مستورد 150 مل | اكس اسبراى مستورد","",""
"ريكسونا رول اون حريمى انتعاش الاستحمام 20 مل","ريكسونا رول اون حريمى انتعاش الاستحمام 20 مل | ريكسونا رول اون حريمى انتعاش | ريكسونا رول اون","",""
"ريكسونا رول اون بامبو اخضر 20 مل","ريكسونا رول اون بامبو اخضر 20 مل | ريكسونا رول اون بامبو اخضر | ريكسونا رول اون","",""
"اسبراى رجالى ازارو ازرق 150مل XL","اسبراى رجالى ازارو ازرق 150مل XL | اسبراى رجالى ازارو ازرق 150مل | اسبراى رجالى ازارو","",""
"تيد لابيدوس اسبراى مزيل عرق حريمى رومبا 200 مل","تيد لابيدوس اسبراى مزيل عرق حريمى رومبا 200 مل | تيد لابيدوس اسبراى مزيل عرق | تيد لابيدوس اسبراى","",""
"جاك بوغارت اسبراى مزيل عرق رجالى وان مان شو 200 مل","جاك بوغارت اسبراى مزيل عرق رجالى وان مان شو 200 مل | جاك بوغارت اسبراى مزيل عرق | جاك بوغارت اسبراى","",""
"ريبوك اسبراى مزيل عرق رجالى اواكن 150 مل","ريبوك اسبراى مزيل عرق رجالى اواكن 150 مل | ريبوك اسبراى مزيل عرق رجالى | ريبوك اسبراى مزيل","",""
"اسبراى رجالى لا هوم 1 فضى 150مل XL","اسبراى رجالى لا هوم 1 فضى 150مل XL | اسبراى رجالى لا هوم 1 | اسبراى رجالى لا","",""
"اسبراى رجالى بليونير ذهبى 150مل XL","اسبراى رجالى بليونير ذهبى 150مل XL | اسبراى رجالى بليونير ذهبى 150مل | اسبراى رجالى بليونير","",""
"اوسم عطر اسبراى 120 ملى حريمى تشيرش","اوسم عطر اسبراى 120 ملى حريمى تشيرش | اوسم عطر اسبراى 120 ملى | اوسم عطر اسبراى","",""
"ريكسونا رول اون حريمى انتعاش الاستحمام 50 مل","ريكسونا رول اون حريمى انتعاش الاستحمام 50 مل | ريكسونا رول اون حريمى انتعاش | ريكسونا رول اون","",""
"دوف رول اون برائحه الرمان وزهره الليمون 50 مل","دوف رول اون برائحه الرمان وزهره الليمون 50 مل | دوف رول اون برائحه الرمان | دوف رول اون","",""
"ريكسونا رول اون رجالى غير مرئى 50 مل","ريكسونا رول اون رجالى غير مرئى 50 مل | ريكسونا رول اون رجالى غير | ريكسونا رول اون","",""
"ريكسونا رول اون 50 مل انفيزبل حريمى","ريكسونا رول اون 50 مل انفيزبل حريمى | ريكسونا رول اون 50 مل | ريكسونا رول اون","",""
"فا رول اون حريمى سوفت اند كنترول 50مل","فا رول اون حريمى سوفت اند كنترول 50مل | فا رول اون حريمى سوفت | فا رول اون","",""
"فا رول اون رجالى انفزبل 50مل","فا رول اون رجالى انفزبل 50مل | فا رول اون رجالى انفزبل | فا رول اون","",""
"اورال شين فرشه اسنان كبار بغطاء","اورال شين اسنان كبار بغطاء | اورال شين اسنان","",""
"فاتيكا حنه اسود 60 كيس","فاتيكا حنه اسود 60 | فاتيكا حنه اسود","",""
"بانتين شامبو صحى ونظيف 200 مل","بانتين شامبو صحى ونظيف 200 مل | بانتين شامبو صحى ونظيف 200 | بانتين شامبو صحى","",""
"بانتين شامبو ضد تساقط الشعر 200 مل","بانتين شامبو ضد تساقط الشعر 200 مل | بانتين شامبو ضد تساقط الشعر | بانتين شامبو ضد","",""
"بانتين شامبو 400 ملى عادى عنايه مرطبه","بانتين شامبو 400 ملى عادى عنايه مرطبه | بانتين شامبو 400 ملى عادى | بانتين شامبو 400","",""
"بانتين شامبو 200 ملى عادى انسيابى وحريرى","بانتين شامبو 200 ملى عادى انسيابى وحريرى | بانتين شامبو 200 ملى عادى | بانتين شامبو 200","",""
"نيفيا كريم ازرق 30 مل","نيفيا كريم ازرق 30 مل | نيفيا كريم ازرق","",""
"بيور فازلين 110 ملى","بيور فازلين 110 ملى | بيور فازلين 110","",""
"انجرام كريم حلاقه 40 جرام","انجرام كريم حلاقه 40 جرام | انجرام كريم حلاقه","",""
"بانتين شامبو 600 ملى عناية للشعر التالف","بانتين شامبو 600 ملى عناية للشعر التالف | بانتين شامبو 600 ملى عناية | بانتين شامبو 600","",""
"بانتين شامبو ضد التساقط 600 مل","بانتين شامبو ضد التساقط 600 مل | بانتين شامبو ضد التساقط 600 | بانتين شامبو ضد","",""
"بانتين شامبو عنايه ملكى للتلف 200 مل","بانتين شامبو عنايه ملكى للتلف 200 مل | بانتين شامبو عنايه ملكى للتلف | بانتين شامبو عنايه","",""
"بانتين شامبو عنايه ملكى للتلف 400 مل","بانتين شامبو عنايه ملكى للتلف 400 مل | بانتين شامبو عنايه ملكى للتلف | بانتين شامبو عنايه","",""
"فاتيكا حنه بنى 60 كيس","فاتيكا حنه بنى 60 | فاتيكا حنه بنى","",""
"بيور زبده كاكاو جوز هند","بيور زبده كاكاو جوز هند | بيور زبده كاكاو","",""
"بيور زبده كاكاو فراوله","بيور زبده كاكاو فراوله | بيور زبده كاكاو","",""
"فيانسيه كريم جل 225 ملى ضد القشره 2*1 اخضر","فيانسيه كريم جل 225 ملى ضد القشره 2*1 اخضر | فيانسيه كريم جل 225 ملى | فيانسيه كريم جل","",""
"فيانسيه كريم جل 225 ملى ترطيب و حمايه و تغذيه 2*1 احمر","فيانسيه كريم جل 225 ملى ترطيب و حمايه و تغذيه 2*1 احمر | فيانسيه كريم جل 225 ملى | فيانسيه كريم جل","",""
"فيانسيه كريم جل 225 ملى بالعسل 2*1 اصفر","فيانسيه كريم جل 225 ملى بالعسل 2*1 اصفر | فيانسيه كريم جل 225 ملى | فيانسيه كريم جل","",""
"جوكى كريم هير فود مغذى ومرطب 150 جرام","جوكى كريم هير فود مغذى ومرطب 150 جرام | جوكى كريم هير فود مغذى | جوكى كريم هير","",""
"جوكى كريم هير فود بزيت الزيتون 150 جرام","جوكى كريم هير فود بزيت الزيتون 150 جرام | جوكى كريم هير فود بزيت | جوكى كريم هير","",""
"جوكى كريم هير فود بجوز الهند 150 جرام","جوكى كريم هير فود بجوز الهند 150 جرام | جوكى كريم هير فود بجوز | جوكى كريم هير","",""
"فيانسيه كريم جل 225 ملى قوه ثلاثيه 2*1 موف","فيانسيه كريم جل 225 ملى قوه ثلاثيه 2*1 موف | فيانسيه كريم جل 225 ملى | فيانسيه كريم جل","",""
"فيانسيه هيرفود 125 ملى","فيانسيه هيرفود 125 ملى | فيانسيه هيرفود 125","",""
"فيبكس 10 ازرق رجالى","فيبكس 10 ازرق رجالى | فيبكس 10 ازرق","",""
"جوكي اسبراي مثبت شعر اكسترا هولد 500 مل","جوكي اسبراي مثبت شعر اكسترا هولد 500 مل | جوكي اسبراي مثبت شعر اكسترا | جوكي اسبراي مثبت","",""
"جوكي اسبراي مثبت شعر الترا هولد 500 مل","جوكي اسبراي مثبت شعر الترا هولد 500 مل | جوكي اسبراي مثبت شعر الترا | جوكي اسبراي مثبت","",""
"تريو شاور جل بالعود الملكى 800 مل","تريو شاور جل بالعود الملكى 800 مل | تريو شاور جل بالعود الملكى | تريو شاور جل","",""
"نيفيا كريم ازرق 60 مل","نيفيا كريم ازرق 60 مل | نيفيا كريم ازرق","",""
"بانتين شامبو انسيابي وحريري 600 مل","بانتين شامبو انسيابي وحريري 600 مل | بانتين شامبو انسيابي وحريري 600 | بانتين شامبو انسيابي","",""
"هيد شامبو 200 ملى عادى نظيف و انيق","هيد شامبو 200 ملى عادى نظيف و انيق | هيد شامبو 200 ملى عادى | هيد شامبو 200","",""
"هيد شامبو انتعاش النعناع 200 مل","هيد شامبو انتعاش النعناع 200 مل | هيد شامبو انتعاش النعناع 200 | هيد شامبو انتعاش","",""
"هيد شامبو 200 ملى انسيابي وحريري","هيد شامبو 200 ملى انسيابي وحريري | هيد شامبو 200 ملى انسيابي | هيد شامبو 200","",""
"هيد شامبو انتعاش النعناع 200 مل","هيد شامبو انتعاش النعناع 200 مل | هيد شامبو انتعاش النعناع 200 | هيد شامبو انتعاش","",""
"هيد شامبو 200 ملى انسيابي وحريري","هيد شامبو 200 ملى انسيابي وحريري | هيد شامبو 200 ملى انسيابي | هيد شامبو 200","",""
"بانتين شامبو عنايه ملكى للتلف 200 مل","بانتين شامبو عنايه ملكى للتلف 200 مل | بانتين شامبو عنايه ملكى للتلف | بانتين شامبو عنايه","",""
"بانتين شامبو صحى ونظيف 200 مل","بانتين شامبو صحى ونظيف 200 مل | بانتين شامبو صحى ونظيف 200 | بانتين شامبو صحى","",""
"بانتين شامبو ضد تساقط الشعر 200 مل","بانتين شامبو ضد تساقط الشعر 200 مل | بانتين شامبو ضد تساقط الشعر | بانتين شامبو ضد","",""
"بيور فازلين 50 ملى","بيور فازلين 50 ملى | بيور فازلين 50","",""
"بيور فازلين 30 ملى","بيور فازلين 30 ملى | بيور فازلين 30","",""
"جوكى رول اون لاف 50 مل","جوكى رول اون لاف 50 مل | جوكى رول اون لاف 50 | جوكى رول اون","",""
"بيور فازلين 30 ملى","بيور فازلين 30 ملى | بيور فازلين 30","",""
"جوكى رول اون ذا هيرو 50 مل","جوكى رول اون ذا هيرو 50 مل | جوكى رول اون ذا هيرو | جوكى رول اون","",""
"جليسوليد كريم 20 ملى","جليسوليد كريم 20 ملى | جليسوليد كريم 20","",""
"نيفيا كريم زبدة كاكاو 50مل","نيفيا كريم زبدة كاكاو 50مل | نيفيا كريم زبدة","",""
"نيفيا كريم ناتشورال جلو فيرنس 50مل","نيفيا كريم ناتشورال جلو فيرنس 50مل | نيفيا كريم ناتشورال جلو فيرنس | نيفيا كريم ناتشورال","",""
"نيفيا سوفت كريم ابيض 20مل","نيفيا سوفت كريم ابيض 20مل | نيفيا سوفت كريم","",""
"بيور بودره ثلج اكياس 60 جرام","بيور بودره ثلج اكياس 60 جرام | بيور بودره ثلج اكياس 60 | بيور بودره ثلج","",""
"لورد معجون حلاقه بالنعناع 55 جم","لورد معجون حلاقه بالنعناع 55 جم | لورد معجون حلاقه بالنعناع 55 | لورد معجون حلاقه","",""
"جيليت فينوس سيمبلى 8 + 4 بخلاصه الالوه","جيليت فينوس سيمبلى 8 + 4 بخلاصه الالوه | جيليت فينوس سيمبلى 8 + | جيليت فينوس سيمبلى","",""
"دابر مسواك جولد توتال كير 50 جرام +10 جرام زياده","دابر مسواك جولد توتال كير 50 جرام +10 جرام | دابر مسواك جولد توتال كير | دابر مسواك جولد","",""
"بيور فرشه كبار اورجينال سوفت","بيور كبار اورجينال سوفت | بيور كبار اورجينال","",""
"جليسوليد كريم 40 ملى","جليسوليد كريم 40 ملى | جليسوليد كريم 40","",""
"فيانسيه كريم 7*1 بالبصل والخروع 125مل","فيانسيه كريم 7*1 بالبصل والخروع 125مل | فيانسيه كريم 7*1 بالبصل والخروع | فيانسيه كريم 7*1","",""
"ليالى الحلميه برفان 50 مل","ليالى الحلميه برفان 50 مل | ليالى الحلميه برفان","",""
"جيليت بلو تو بلاس اكياس 5 ق حريمى","جيليت بلو تو بلاس اكياس 5 ق حريمى | جيليت بلو تو بلاس اكياس | جيليت بلو تو","",""
"جيليت بلو تو بلاس مكينه 15+5","جيليت بلو تو بلاس 15+5 | جيليت بلو تو","",""
"نسائم برفان ليلى 65 ملى","نسائم برفان ليلى 65 ملى | نسائم برفان ليلى","",""
"ليالى الحلميه برفان 100 مل + اسبراى 100 مل مجانا","ليالى الحلميه برفان 100 مل + اسبراى 100 مل | ليالى الحلميه برفان 100 مل | ليالى الحلميه برفان","",""
"وان مان شو برفان اصلى فضى 100 مل","وان مان شو برفان اصلى فضى 100 مل | وان مان شو برفان اصلى | وان مان شو","",""
"وان مان شو برفان اصلى احمر روبى 100 مل","وان مان شو برفان اصلى احمر روبى 100 مل | وان مان شو برفان اصلى | وان مان شو","",""
"نسائم برفان عود 65 ملى","نسائم برفان عود 65 ملى | نسائم برفان عود","",""
"نسائم سبراى القلعة السوداء 65 ملى","نسائم سبراى القلعة السوداء 65 ملى | نسائم سبراى القلعة السوداء 65 | نسائم سبراى القلعة","",""
"دوركو ايف 2 سيمبل ماكينه حريمى كيس 5+1","دوركو ايف 2 سيمبل ماكينه حريمى 5+1 | دوركو ايف 2 سيمبل ماكينه | دوركو ايف 2","",""
"دوركو تى جى بلس 2 ماكينه رجالى كيس 5+1","دوركو تى جى بلس 2 ماكينه رجالى 5+1 | دوركو تى جى بلس 2 | دوركو تى جى","",""
"جى بى برفان 100 ملى VIP Black","جى بى برفان 100 ملى VIP Black | جى بى برفان 100 ملى | جى بى برفان","",""
"جى بى برفان اس اي اس اسود 100مل","جى بى برفان اس اي اس اسود 100مل | جى بى برفان اس اي | جى بى برفان","",""
"جى بى برفان اس اي اس اسود 100مل","جى بى برفان اس اي اس اسود 100مل | جى بى برفان اس اي | جى بى برفان","",""
"جى بى برفان 100 ملى VIP Black","جى بى برفان 100 ملى VIP Black | جى بى برفان 100 ملى | جى بى برفان","",""
"جى بى برفان 100 ملى سيس احمر","جى بى برفان 100 ملى سيس احمر | جى بى برفان 100 ملى | جى بى برفان","",""
"دوركو ماكينه عاديه ازرق 2 موس كيس 5+1","دوركو ماكينه عاديه ازرق 2 موس 5+1 | دوركو ماكينه عاديه ازرق 2 | دوركو ماكينه عاديه","",""
"خمس خمسات كريم حلاقه 50 جرام","خمس خمسات كريم حلاقه 50 جرام | خمس خمسات كريم حلاقه 50 | خمس خمسات كريم","",""
"اميجو فرشه حلاقة مصرى","اميجو حلاقة مصرى","",""
"فاين بيبى حفاضات اطفال حديث الولادة شنطه×18","فاين بيبى حفاضات اطفال حديث الولادة شنطه×18 | فاين بيبى حفاضات اطفال حديث | فاين بيبى حفاضات","",""
"دوف مجموعة الشعر الكيرلى شامبو + بلسم + ليف ان كريم","دوف مجموعة الشعر الكيرلى شامبو + بلسم + ليف ان كريم | دوف مجموعة الشعر الكيرلى شامبو | دوف مجموعة الشعر","",""
"اورال شين فرشه اسنان كبار بغطاء","اورال شين اسنان كبار بغطاء | اورال شين اسنان","",""
"سباركل شامبو للشعر العادى 600 مل","سباركل شامبو للشعر العادى 600 مل | سباركل شامبو للشعر العادى 600 | سباركل شامبو للشعر","",""
"سباركل شامبو للشعر الجاف 600 مل","سباركل شامبو للشعر الجاف 600 مل | سباركل شامبو للشعر الجاف 600 | سباركل شامبو للشعر","",""
"لاكتويل بلسم 750 ملى اصفر","لاكتويل بلسم 750 ملى اصفر | لاكتويل بلسم 750","",""
"لوكس هاندووش الورد الناعم 500 مل","لوكس هاندووش الورد الناعم 500 مل | لوكس هاندووش الورد الناعم 500 | لوكس هاندووش الورد","",""
"دوف شامبو 180ملى اصلاح","دوف شامبو 180ملى اصلاح | دوف شامبو 180ملى","",""
"دوف شامبو 180ملى العنايه اليوميه","دوف شامبو 180ملى العنايه اليوميه | دوف شامبو 180ملى","",""
"لوريال شامبو 200 ملى الفيف توتال ريبير 5","لوريال شامبو 200 ملى الفيف توتال ريبير 5 | لوريال شامبو 200 ملى الفيف | لوريال شامبو 200","",""
"لوريال شامبو 200 ملى الفيف مقاومه كامله لتساقط الشعر","لوريال شامبو 200 ملى الفيف مقاومه كامله لتساقط الشعر | لوريال شامبو 200 ملى الفيف | لوريال شامبو 200","",""
"لاكتويل بلسم 250ملى اخضر","لاكتويل بلسم 250ملى اخضر | لاكتويل بلسم 250ملى","",""
"سباركل شامبو للشعر الجاف 350 مل","سباركل شامبو للشعر الجاف 350 مل | سباركل شامبو للشعر الجاف 350 | سباركل شامبو للشعر","",""
"لوريال الفيف شامبو هيالورون بيور 400 مل","لوريال الفيف شامبو هيالورون بيور 400 مل | لوريال الفيف شامبو هيالورون بيور | لوريال الفيف شامبو","",""
"لوريال الفيف هيالورون بيور شامبو 200 مل","لوريال الفيف هيالورون بيور شامبو 200 مل | لوريال الفيف هيالورون بيور شامبو | لوريال الفيف هيالورون","",""
"لوريال شامبو 200 ملى هيالورونك للشعر فاقد الترطيب","لوريال شامبو 200 ملى هيالورونك للشعر فاقد الترطيب | لوريال شامبو 200 ملى هيالورونك | لوريال شامبو 200","",""
"لوريال شامبو 200 ملى الفيف مقاومه كامله لتساقط الشعر","لوريال شامبو 200 ملى الفيف مقاومه كامله لتساقط الشعر | لوريال شامبو 200 ملى الفيف | لوريال شامبو 200","",""
"لوريال شامبو 200 ملى للشعر العادى و الجاف بالزيوت الثمينه","لوريال شامبو 200 ملى للشعر العادى و الجاف بالزيوت الثمينه | لوريال شامبو 200 ملى للشعر | لوريال شامبو 200","",""
"لاكتويل بلسم 750 ملى اخضر","لاكتويل بلسم 750 ملى اخضر | لاكتويل بلسم 750","",""
"لاكتويل بلسم 750 ملى اصفر","لاكتويل بلسم 750 ملى اصفر | لاكتويل بلسم 750","",""
"كاباروزا جل غسول للوجه 150 مل","كاباروزا جل غسول للوجه 150 مل | كاباروزا جل غسول للوجه 150 | كاباروزا جل غسول","",""
"لاكتويل بلسم 250ملى اخضر","لاكتويل بلسم 250ملى اخضر | لاكتويل بلسم 250ملى","",""
"خمس خمسات كولونيا 200 ملى عادى","خمس خمسات كولونيا 200 ملى عادى | خمس خمسات كولونيا 200 ملى | خمس خمسات كولونيا","",""
"خمس خمسات كولونيا بخاخ 130 ملى","خمس خمسات كولونيا بخاخ 130 ملى | خمس خمسات كولونيا بخاخ 130 | خمس خمسات كولونيا","",""
"خمس خمسات كولونيا بخاخ 230 ملى","خمس خمسات كولونيا بخاخ 230 ملى | خمس خمسات كولونيا بخاخ 230 | خمس خمسات كولونيا","",""
"ثلاث خمسات كولونيا 250ملى عادى بلاستيك","ثلاث خمسات كولونيا 250ملى عادى بلاستيك | ثلاث خمسات كولونيا 250ملى عادى | ثلاث خمسات كولونيا","",""
"سيلفر سائل ملمع احذيه شفاف 75مل","سيلفر سائل ملمع احذيه شفاف 75مل | سيلفر سائل ملمع احذيه شفاف | سيلفر سائل ملمع","",""
"كاباروزا غسول لتفتيح الجسم والمناطق الحساسة 400 مل","كاباروزا غسول لتفتيح الجسم والمناطق الحساسة 400 مل | كاباروزا غسول لتفتيح الجسم والمناطق | كاباروزا غسول لتفتيح","",""
"مينك كريم بالبلسم 200 جرام","مينك كريم بالبلسم 200 جرام | مينك كريم بالبلسم","",""
"ايفا سكين كير كريم سوفت بالصبار والبانثينول 50 جم","ايفا سكين كير كريم سوفت بالصبار والبانثينول 50 جم | ايفا سكين كير كريم سوفت | ايفا سكين كير","",""
"ايفا جلسرين كريم بشره 170 جرام","ايفا جلسرين كريم بشره 170 جرام | ايفا جلسرين كريم بشره 170 | ايفا جلسرين كريم","",""
"مينك بالمز كريم ملمع واكس جوز هند ابيض 150ملى","مينك بالمز كريم ملمع واكس جوز هند ابيض 150ملى | مينك بالمز كريم ملمع واكس | مينك بالمز كريم","",""
"مينك بالمز كريم ملمع واكس عسل اصفر150 ملى","مينك بالمز كريم ملمع واكس عسل اصفر150 ملى | مينك بالمز كريم ملمع واكس | مينك بالمز كريم","",""
"نيفيا رول اون حريمى بيرل اند بيوتى بلاك اليجانت 50مل","نيفيا رول اون حريمى بيرل اند بيوتى بلاك اليجانت 50مل | نيفيا رول اون حريمى بيرل | نيفيا رول اون","",""
"نيفيا رول اون رجالى بلاك اند وايت انفيزيبل 50مل","نيفيا رول اون رجالى بلاك اند وايت انفيزيبل 50مل | نيفيا رول اون رجالى بلاك | نيفيا رول اون","",""
"نيفيا رول اون حريمى بيرل اند بيوتى 50مل","نيفيا رول اون حريمى بيرل اند بيوتى 50مل | نيفيا رول اون حريمى بيرل | نيفيا رول اون","",""
"كامى صابون 115جرام عادى رومانسيه Romantique","كامى صابون 115جرام عادى رومانسيه Romantique | كامى صابون 115جرام عادى رومانسيه | كامى صابون 115جرام","",""
"كامى صابون 115 جرام عادى حيويه Dynamique","كامى صابون 115 جرام عادى حيويه Dynamique | كامى صابون 115 جرام عادى | كامى صابون 115","",""
"كامى صابون 115جرام عادى اناقه","كامى صابون 115جرام عادى اناقه | كامى صابون 115جرام","",""
"لوكس صابون سحر الاوركيد 165جم","لوكس صابون سحر الاوركيد 165جم | لوكس صابون سحر","",""
"لوكس صابون حلم السعاده 165جم","لوكس صابون حلم السعاده 165جم | لوكس صابون حلم","",""
"لوكس صابون بشره مثاليه 75جرام","لوكس صابون بشره مثاليه 75جرام | لوكس صابون بشره","",""
"لوكس صابون بشره نضره 165جم","لوكس صابون بشره نضره 165جم | لوكس صابون بشره","",""
"سيلفر سائل ملمع احذيه اسود 75مل","سيلفر سائل ملمع احذيه اسود 75مل | سيلفر سائل ملمع احذيه اسود | سيلفر سائل ملمع","",""
"لوكس صابون بشره مثاليه 75جرام","لوكس صابون بشره مثاليه 75جرام | لوكس صابون بشره","",""
"دوف شامبو 180ملى ضد تساقط الشعر","دوف شامبو 180ملى ضد تساقط الشعر | دوف شامبو 180ملى ضد تساقط | دوف شامبو 180ملى","",""
"سكريه جيب 15 ملى اتومايزر علبه*6ق","سكريه جيب 15 ملى اتومايزر 6ق | سكريه جيب 15 ملى اتومايزر | سكريه جيب 15","",""
"لاكتويل بلسم 60ملى اخضر","لاكتويل بلسم 60ملى اخضر | لاكتويل بلسم 60ملى","",""
"لاكتويل بلسم 60ملى اصفر","لاكتويل بلسم 60ملى اصفر | لاكتويل بلسم 60ملى","",""
"سباركل زيت للشعر الجاف 100مل اخضر","سباركل زيت للشعر الجاف 100مل اخضر | سباركل زيت للشعر الجاف 100مل | سباركل زيت للشعر","",""
"لاكتويل بلسم 120ملى اصفر","لاكتويل بلسم 120ملى اصفر | لاكتويل بلسم 120ملى","",""
"لاكتويل بلسم 120ملى اخضر","لاكتويل بلسم 120ملى اخضر | لاكتويل بلسم 120ملى","",""
"كاباروزا كريم لتفتيح المناطق الحساسة 60 جم","كاباروزا كريم لتفتيح المناطق الحساسة 60 جم | كاباروزا كريم لتفتيح المناطق الحساسة | كاباروزا كريم لتفتيح","",""
"كاباروزا كريم نهاري للبشره 60 جم","كاباروزا كريم نهاري للبشره 60 جم | كاباروزا كريم نهاري للبشره 60 | كاباروزا كريم نهاري","",""
"دوف صابون بينك 90 جرام كرتونه*4د","دوف صابون بينك 90 جرام كرتونه*4د | دوف صابون بينك 90 جرام | دوف صابون بينك","",""
"سكريه 30 ملى صغير","سكريه 30 ملى صغير | سكريه 30 ملى","",""
"دوف صابون 90 جم جديد بزبده الشيا","دوف صابون 90 جم جديد بزبده الشيا | دوف صابون 90 جم جديد | دوف صابون 90","",""
"الشريف فرشه شعر لفك التشابك","الشريف شعر لفك التشابك | الشريف شعر لفك","",""
"الشبراويشى خلاصه","الشبراويشى خلاصه","",""
"نيفرداى برفان 20 ملى","نيفرداى برفان 20 ملى | نيفرداى برفان 20","",""
"تمارا نيو هير كريم بالليمون 170 جرام","تمارا نيو هير كريم بالليمون 170 جرام | تمارا نيو هير كريم بالليمون | تمارا نيو هير","",""
"تمارا نيو هير كريم شعر بالليمون 110 جرام","تمارا نيو هير كريم شعر بالليمون 110 جرام | تمارا نيو هير كريم شعر | تمارا نيو هير","",""
"مان لوك جل 250 ملى اخضركيرلى","مان لوك جل 250 ملى اخضركيرلى | مان لوك جل 250 ملى | مان لوك جل","",""
"اكوا دنت غسول للفم قرنفل 250 ملى","اكوا دنت غسول للفم قرنفل 250 ملى | اكوا دنت غسول للفم قرنفل | اكوا دنت غسول","",""
"اكوا دنت غسول للفم برتقال 250 ملى","اكوا دنت غسول للفم برتقال 250 ملى | اكوا دنت غسول للفم برتقال | اكوا دنت غسول","",""
"فيراند لفلى 18جرام جلو اند لفلى مالتى فيتامين المتطور","فيراند لفلى 18جرام جلو اند لفلى مالتى فيتامين المتطور | فيراند لفلى 18جرام جلو اند | فيراند لفلى 18جرام","",""
"فيم كريم ازاله شعر 90 جرام+20% زياده بشره حساسه","فيم كريم ازاله شعر 90 جرام+20% بشره حساسه | فيم كريم ازاله شعر 90 | فيم كريم ازاله","",""
"مان لوك جل 250 ملى فضى سبايكى","مان لوك جل 250 ملى فضى سبايكى | مان لوك جل 250 ملى | مان لوك جل","",""
"وان عسل 40 جرام","وان عسل 40 جرام | وان عسل 40","",""
"وان عادى 40 جرام","وان عادى 40 جرام | وان عادى 40","",""
"وان حساس 40 جرام","وان حساس 40 جرام | وان حساس 40","",""
"وان عادى 125جرام","وان عادى 125جرام","",""
"وان عسل 125 جرام","وان عسل 125 جرام | وان عسل 125","",""
"سيجنال متكامل بخلاصة القرنفل 100مل","سيجنال متكامل بخلاصة القرنفل 100مل | سيجنال متكامل بخلاصة","",""
"سيجنال 120ملى مكافح للتسوس","سيجنال 120ملى مكافح للتسوس | سيجنال 120ملى مكافح","",""
"سيجنال متكامل بخلاصه الفحم 100 مل","سيجنال متكامل بخلاصه الفحم 100 مل | سيجنال متكامل بخلاصه الفحم 100 | سيجنال متكامل بخلاصه","",""
"ديبردنت معجون اسنان 13 ملى","ديبردنت معجون اسنان 13 ملى | ديبردنت معجون اسنان","",""
"كلوس اب معجون اسنان بالليمون والنعناع 75 مل + فرشه","كلوس اب معجون اسنان بالليمون والنعناع 75 مل + | كلوس اب معجون اسنان بالليمون | كلوس اب معجون","",""
"زي سلاكة أسنان بلاستيكية طبية بنكهة الفراولة* 30ق","زي سلاكة أسنان بلاستيكية طبية بنكهة الفراولة* 30ق | زي سلاكة أسنان بلاستيكية طبية | زي سلاكة أسنان","",""
"زى خله اسنان علبه بلاستيك *30ق-نعناع","زى خله اسنان علبه بلاستيك *30ق-نعناع | زى خله اسنان علبه بلاستيك | زى خله اسنان","",""
"كلوس اب اخضر الانتعاش الثلاثى 100 مل","كلوس اب اخضر الانتعاش الثلاثى 100 مل | كلوس اب اخضر الانتعاش الثلاثى | كلوس اب اخضر","",""
"كلوس اب معجون اسنان انتعاش التوت 75 مل + فرشه","كلوس اب معجون اسنان انتعاش التوت 75 مل + | كلوس اب معجون اسنان انتعاش | كلوس اب معجون","",""
"كلوس اب احمر الانتعاش الثلاثى 100 مل","كلوس اب احمر الانتعاش الثلاثى 100 مل | كلوس اب احمر الانتعاش الثلاثى | كلوس اب احمر","",""
"سنسوداين معجون اسنان تنظيف عميق 125 مل","سنسوداين معجون اسنان تنظيف عميق 125 مل | سنسوداين معجون اسنان تنظيف عميق | سنسوداين معجون اسنان","",""
"سيجنال 25 ملى 2*1 مكافح التسوس","سيجنال 25 ملى 2*1 مكافح التسوس | سيجنال 25 ملى 2*1 مكافح | سيجنال 25 ملى","",""
"جلورى حنه شركه بنى فاتح","جلورى حنه شركه بنى فاتح | جلورى حنه شركه","",""
"جلورى حنه شركه ماهجونى","جلورى حنه شركه ماهجونى | جلورى حنه شركه","",""
"سنسوداين معجون اسنان 100 ملى تنظيف عميق","سنسوداين معجون اسنان 100 ملى تنظيف عميق | سنسوداين معجون اسنان 100 ملى | سنسوداين معجون اسنان","",""
"صانسيلك شامبو 180ملى قوه ولمعان","صانسيلك شامبو 180ملى قوه ولمعان | صانسيلك شامبو 180ملى","",""
"كلير شامبو حريمى ضد التساقط 180مل","كلير شامبو حريمى ضد التساقط 180مل | كلير شامبو حريمى ضد التساقط | كلير شامبو حريمى","",""
"كلير شامبو حريمى نعومه ولمعان 180مل","كلير شامبو حريمى نعومه ولمعان 180مل | كلير شامبو حريمى نعومه ولمعان | كلير شامبو حريمى","",""
"صانسيلك شامبو 180ملى لمعان ساحر للشعر الاسود","صانسيلك شامبو 180ملى لمعان ساحر للشعر الاسود | صانسيلك شامبو 180ملى لمعان ساحر | صانسيلك شامبو 180ملى","",""
"صانسيلك شامبو 180ملى كثيف و طويل","صانسيلك شامبو 180ملى كثيف و طويل | صانسيلك شامبو 180ملى كثيف و | صانسيلك شامبو 180ملى","",""
"صانسيلك شامبو 180 ملى ناعم وانسيابى","صانسيلك شامبو 180 ملى ناعم وانسيابى | صانسيلك شامبو 180 ملى ناعم | صانسيلك شامبو 180","",""
"الشريف مبرد اظافر BK-52","الشريف مبرد اظافر BK-52 | الشريف مبرد اظافر","",""
"الشريف اشلى قصافة أطفال Bk-40","الشريف اشلى قصافة أطفال Bk-40 | الشريف اشلى قصافة","",""
"الشريف ملقاط بصمه BK-57","الشريف ملقاط بصمه BK-57 | الشريف ملقاط بصمه","",""
"الشريف مقص استانلس BK-67","الشريف مقص استانلس BK-67 | الشريف مقص استانلس","",""
"فلاى بيبى سكاته بسلسلة 806","فلاى بيبى سكاته بسلسلة 806 | فلاى بيبى سكاته","",""
"فلاى بيبى ببرونه 150 ملى بيد FN802","فلاى بيبى ببرونه 150 ملى بيد FN802 | فلاى بيبى ببرونه 150 ملى | فلاى بيبى ببرونه","",""
"فلاى بيبي مقص اطفال FN-840","فلاى بيبي مقص اطفال FN-840 | فلاى بيبي مقص","",""
"فلاى بيبى ببرونه 60 ملى FN801","فلاى بيبى ببرونه 60 ملى FN801 | فلاى بيبى ببرونه 60 ملى | فلاى بيبى ببرونه","",""
"فلاى بيبى ببرونه 150 ملى بدون يد FN803","فلاى بيبى ببرونه 150 ملى بدون يد FN803 | فلاى بيبى ببرونه 150 ملى | فلاى بيبى ببرونه","",""
"فلاى بيبى سكاته بدون سلسله 817","فلاى بيبى سكاته بدون سلسله 817 | فلاى بيبى سكاته بدون سلسله | فلاى بيبى سكاته","",""
"فلاى بيبى شفاط مخاط FN-808","فلاى بيبى شفاط مخاط FN-808 | فلاى بيبى شفاط","",""
"ريد جهاز طارد للناموس + 2ق ريد غيار","ريد جهاز طارد للناموس + 2ق ريد غيار | ريد جهاز طارد للناموس + | ريد جهاز طارد","",""
"املا زيت ذهبى 45 ملى","املا زيت ذهبى 45 ملى | املا زيت ذهبى","",""
"نواعم حرير سويت شرائح","نواعم حرير سويت شرائح | نواعم حرير سويت","",""
"حرير سويت شرائح","حرير سويت شرائح","",""
"بى بوتاتو زيت اطفال 100مل","بى بوتاتو زيت اطفال 100مل | بى بوتاتو زيت","",""
"فاتيكا حمام كريم صغير 225 ملى للترطيب","فاتيكا حمام كريم صغير 225 ملى للترطيب | فاتيكا حمام كريم صغير 225 | فاتيكا حمام كريم","",""
"فاتيكا حمام كريم صغير 225 ملى بالثوم","فاتيكا حمام كريم صغير 225 ملى بالثوم | فاتيكا حمام كريم صغير 225 | فاتيكا حمام كريم","",""
"فاتيكا حمام كريم صغير 225 ملى بالارجان","فاتيكا حمام كريم صغير 225 ملى بالارجان | فاتيكا حمام كريم صغير 225 | فاتيكا حمام كريم","",""
"فاتيكا حمام كريم صغير 225 ملى حبة سوداء","فاتيكا حمام كريم صغير 225 ملى حبة سوداء | فاتيكا حمام كريم صغير 225 | فاتيكا حمام كريم","",""
"فاتيكا حمام كريم صغير 225 ملى تغذية مكثفة","فاتيكا حمام كريم صغير 225 ملى تغذية مكثفة | فاتيكا حمام كريم صغير 225 | فاتيكا حمام كريم","",""
"فاتيكا حمام كريم صغير 225 ملى بجنين القمح","فاتيكا حمام كريم صغير 225 ملى بجنين القمح | فاتيكا حمام كريم صغير 225 | فاتيكا حمام كريم","",""
"فاتيكا حمام كريم صغير 225 ملى حمايه من تساقط الشعر","فاتيكا حمام كريم صغير 225 ملى حمايه من تساقط الشعر | فاتيكا حمام كريم صغير 225 | فاتيكا حمام كريم","",""
"فاتيكا حمام كريم وسط 450 مل بالثوم","فاتيكا حمام كريم وسط 450 مل بالثوم | فاتيكا حمام كريم وسط 450 | فاتيكا حمام كريم","",""
"فاتيكا حمام كريم وسط 450 مل حبة سوداء","فاتيكا حمام كريم وسط 450 مل حبة سوداء | فاتيكا حمام كريم وسط 450 | فاتيكا حمام كريم","",""
"فاتيكا حمام كريم وسط 450 مل بالمنك","فاتيكا حمام كريم وسط 450 مل بالمنك | فاتيكا حمام كريم وسط 450 | فاتيكا حمام كريم","",""
"فلاى بيبى سكاته عاديه حصيره 822","فلاى بيبى سكاته عاديه حصيره 822 | فلاى بيبى سكاته عاديه حصيره | فلاى بيبى سكاته","",""
"فلاى بيبى سكاته سليكون حصيره FN-843","فلاى بيبى سكاته سليكون حصيره FN-843 | فلاى بيبى سكاته سليكون حصيره | فلاى بيبى سكاته","",""
"فلاى بيبى عضاضه 1 لون حصيره FN-842","فلاى بيبى عضاضه 1 لون حصيره FN-842 | فلاى بيبى عضاضه 1 لون | فلاى بيبى عضاضه","",""
"فلاي بيبي عضاضه سيلكون 3لون كارت*1د FN-838","فلاي بيبي عضاضه سيلكون 3لون 1د FN-838 | فلاي بيبي عضاضه سيلكون 3لون | فلاي بيبي عضاضه","",""
"فلاى بيبى فرشه اسنان أطفال بغطاء FN-907","فلاى بيبى اسنان أطفال بغطاء FN-907 | فلاى بيبى اسنان أطفال بغطاء | فلاى بيبى اسنان","",""
"فلاى بيبى فرشه اسنان أطفال بغطاء FN-905","فلاى بيبى اسنان أطفال بغطاء FN-905 | فلاى بيبى اسنان أطفال بغطاء | فلاى بيبى اسنان","",""
"لونا كريم سوفت 50 جرام عرض2ق + لونا كريم سوفت 20 جرام مجانا","لونا كريم سوفت 50 جرام عرض2ق + لونا كريم سوفت 20 جرام | لونا كريم سوفت 50 جرام | لونا كريم سوفت","",""
"نيو ستار 7 جيل واكس 140 ملى روزماري","نيو ستار 7 جيل واكس 140 ملى روزماري | نيو ستار 7 جيل واكس | نيو ستار 7","",""
"نيو ستار 7 جيل واكس 140 ملى جوز الهند","نيو ستار 7 جيل واكس 140 ملى جوز الهند | نيو ستار 7 جيل واكس | نيو ستار 7","",""
"فلاى بيبى حلمه علبه 100ق","فلاى بيبى حلمه علبه 100ق | فلاى بيبى حلمه","",""
"فلاى بيبي سكاته علبه*50ق FN-833","فلاى بيبي سكاته 50ق FN-833 | فلاى بيبي سكاته","",""
"نيو ستار 7 برميم جيل برطمان 250 ملى شفاف","نيو ستار 7 برميم جيل 250 ملى شفاف | نيو ستار 7 برميم جيل | نيو ستار 7","",""
"ستار جل كريم 250 ملى اصفر","ستار جل كريم 250 ملى اصفر | ستار جل كريم 250 ملى | ستار جل كريم","",""
"نيو ستار 7 برميم جيل برطمان 250 ملى اسود","نيو ستار 7 برميم جيل 250 ملى اسود | نيو ستار 7 برميم جيل | نيو ستار 7","",""
"نيو ستار 7 برميم جيل برطمان 250 ملى اخضر","نيو ستار 7 برميم جيل 250 ملى اخضر | نيو ستار 7 برميم جيل | نيو ستار 7","",""
"نيو ستار سفن حمام كريم 800 مل بنى","نيو ستار سفن حمام كريم 800 مل بنى | نيو ستار سفن حمام كريم | نيو ستار سفن","",""
"نيو ستار سفن حمام كريم 800 مل موف","نيو ستار سفن حمام كريم 800 مل موف | نيو ستار سفن حمام كريم | نيو ستار سفن","",""
"نيو ستار سفن حمام كريم 800 مل اسود","نيو ستار سفن حمام كريم 800 مل اسود | نيو ستار سفن حمام كريم | نيو ستار سفن","",""
"بكتول اقراص بالبرتقال وفيتامين سى","بكتول اقراص بالبرتقال وفيتامين سى | بكتول اقراص بالبرتقال","",""
"بكتول اقراص بالنعناع","بكتول اقراص بالنعناع","",""
"فلاى بيبى حلمه ببرونه علبه*24ق FN 819","فلاى بيبى حلمه ببرونه 24ق FN 819 | فلاى بيبى حلمه ببرونه 24ق | فلاى بيبى حلمه","",""
"فلاى بيبى سكاته بحلمه مشطوفه بسلسله FN-824","فلاى بيبى سكاته بحلمه مشطوفه بسلسله FN-824 | فلاى بيبى سكاته بحلمه مشطوفه | فلاى بيبى سكاته","",""
"بندولين شامبو اطفال 250 ملى","بندولين شامبو اطفال 250 ملى | بندولين شامبو اطفال","",""
"لونا مرطب شفاه ورد 3.5 جرام","لونا مرطب شفاه ورد 3.5 جرام | لونا مرطب شفاه ورد 3.5 | لونا مرطب شفاه","",""
"بندولين شامبو اطفال 450 ملى","بندولين شامبو اطفال 450 ملى | بندولين شامبو اطفال","",""
"لونا مرطب شفاه جوز هند 3.5 جرام","لونا مرطب شفاه جوز هند 3.5 جرام | لونا مرطب شفاه جوز هند | لونا مرطب شفاه","",""
"ديتول سائل 475 ملى","ديتول سائل 475 ملى | ديتول سائل 475","",""
"جونسون زيت للاطفال عادى 75 مل","جونسون زيت للاطفال عادى 75 مل | جونسون زيت للاطفال عادى 75 | جونسون زيت للاطفال","",""
"جونسون زيت للاطفال ماقبل النوم 75 ملى","جونسون زيت للاطفال ماقبل النوم 75 ملى | جونسون زيت للاطفال ماقبل النوم | جونسون زيت للاطفال","",""
"بندولين شامبو اطفال 65 ملى","بندولين شامبو اطفال 65 ملى | بندولين شامبو اطفال","",""
"بندولين زيت لجسم الاطفال لايسبب الحساسيه 100 مل","بندولين زيت لجسم الاطفال لايسبب الحساسيه 100 مل | بندولين زيت لجسم الاطفال لايسبب | بندولين زيت لجسم","",""
"جونسون شامبو جولد 100 مل","جونسون شامبو جولد 100 مل | جونسون شامبو جولد","",""
"جونسون زيت للاطفال بالصبار 75 مل","جونسون زيت للاطفال بالصبار 75 مل | جونسون زيت للاطفال بالصبار 75 | جونسون زيت للاطفال","",""
"لونا مرطب شفاه عنايه للرجال بفيتامين بي5 + البنثينول 3.5جم","لونا مرطب شفاه عنايه للرجال بفيتامين بي5 + البنثينول 3.5جم | لونا مرطب شفاه عنايه للرجال | لونا مرطب شفاه","",""
"ديتول سائل 50 ملى","ديتول سائل 50 ملى | ديتول سائل 50","",""
"نونو زيت اطفال عادى 100 مل","نونو زيت اطفال عادى 100 مل | نونو زيت اطفال عادى 100 | نونو زيت اطفال","",""
"نونو شامبو اطفال 100 مل","نونو شامبو اطفال 100 مل | نونو شامبو اطفال","",""
"فاتيكا جل امبوبه 185 جرام (اخضر)","فاتيكا جل امبوبه 185 جرام | فاتيكا جل امبوبه","",""
"فاتيكا جل امبوبه 185 جرام (ازرق)","فاتيكا جل امبوبه 185 جرام | فاتيكا جل امبوبه","",""
"نونو شامبو اطفال 1 لتر + زيت 200 مل","نونو شامبو اطفال 1 لتر + زيت 200 مل | نونو شامبو اطفال 1 لتر | نونو شامبو اطفال","",""
"ريد ازرق اكوا 400ملى + ريد جهاز سائل لافندر","ريد ازرق اكوا 400ملى + ريد جهاز سائل لافندر | ريد ازرق اكوا 400ملى + | ريد ازرق اكوا","",""
"كامينا شاور برائحة الأعشاب 750 مل","كامينا شاور برائحة الأعشاب 750 مل | كامينا شاور برائحة الأعشاب 750 | كامينا شاور برائحة","",""
"كامينا شاور خوخ 400 مل","كامينا شاور خوخ 400 مل | كامينا شاور خوخ","",""
"كامينا شاور 400 ملى ورد","كامينا شاور 400 ملى ورد | كامينا شاور 400","",""
"كامينا شاور 400 ملى رمان","كامينا شاور 400 ملى رمان | كامينا شاور 400","",""
"كامينا شاور 400 ملى زهور","كامينا شاور 400 ملى زهور | كامينا شاور 400","",""
"فريده شاور جل كلير سكاى 250 مل","فريده شاور جل كلير سكاى 250 مل | فريده شاور جل كلير سكاى | فريده شاور جل","",""
"فريده شاور جل مون لايت 250 مل","فريده شاور جل مون لايت 250 مل | فريده شاور جل مون لايت | فريده شاور جل","",""
"فريده شاور جل سويت داي 250 مل","فريده شاور جل سويت داي 250 مل | فريده شاور جل سويت داي | فريده شاور جل","",""
"فريده شاور جل صن شاين 250 مل","فريده شاور جل صن شاين 250 مل | فريده شاور جل صن شاين | فريده شاور جل","",""
"فريده هاندووش توت برى 520 جرام","فريده هاندووش توت برى 520 جرام | فريده هاندووش توت برى 520 | فريده هاندووش توت","",""
"فريده هاندووش جوز هند 520 جرام","فريده هاندووش جوز هند 520 جرام | فريده هاندووش جوز هند 520 | فريده هاندووش جوز","",""
"فريده منظف ارضيات مشمش 480 مل","فريده منظف ارضيات مشمش 480 مل | فريده منظف ارضيات مشمش 480 | فريده منظف ارضيات","",""
"فريده منظف ارضيات جوز الهند 480 مل","فريده منظف ارضيات جوز الهند 480 مل | فريده منظف ارضيات جوز الهند | فريده منظف ارضيات","",""
"جليد معطر جو مالتى اسبراى الورد 460مل","جليد معطر جو مالتى اسبراى الورد 460مل | جليد معطر جو مالتى اسبراى | جليد معطر جو","",""
"جليد معطر جو مالتى اسبراى بطيخ 460مل","جليد معطر جو مالتى اسبراى بطيخ 460مل | جليد معطر جو مالتى اسبراى | جليد معطر جو","",""
"جليد معطر جو مالتى اسبراى خوخ 460مل","جليد معطر جو مالتى اسبراى خوخ 460مل | جليد معطر جو مالتى اسبراى | جليد معطر جو","",""
"جليد معطر جو مالتى اسبراى عطر الشرق 460مل","جليد معطر جو مالتى اسبراى عطر الشرق 460مل | جليد معطر جو مالتى اسبراى | جليد معطر جو","",""
"جليد معطر جو مالتى اسبراى أكوا 460مل","جليد معطر جو مالتى اسبراى أكوا 460مل | جليد معطر جو مالتى اسبراى | جليد معطر جو","",""
"جليد معطر جو مالتى اسبراى ليمون وبرتقال 460مل","جليد معطر جو مالتى اسبراى ليمون وبرتقال 460مل | جليد معطر جو مالتى اسبراى | جليد معطر جو","",""
"ماكرو اوروفكس مضمضه للمدخنين 250 مل","ماكرو اوروفكس مضمضه للمدخنين 250 مل | ماكرو اوروفكس مضمضه للمدخنين 250 | ماكرو اوروفكس مضمضه","",""
"ماكرو اوروفكس مضمضه موز 250 مل","ماكرو اوروفكس مضمضه موز 250 مل | ماكرو اوروفكس مضمضه موز 250 | ماكرو اوروفكس مضمضه","",""
"ماكرو اوروفكس مضمضه مسواك 250 مل","ماكرو اوروفكس مضمضه مسواك 250 مل | ماكرو اوروفكس مضمضه مسواك 250 | ماكرو اوروفكس مضمضه","",""
"ماكرو اوروفكس مضمضه فراوله 250 مل","ماكرو اوروفكس مضمضه فراوله 250 مل | ماكرو اوروفكس مضمضه فراوله 250 | ماكرو اوروفكس مضمضه","",""
"مويست-1 برومو باك (كريم + تونر + ميلك كلينزر)","مويست-1","",""
"ماليزيا اسبراى اومو فيتفر رجالي 150ملى","ماليزيا اسبراى اومو فيتفر رجالي 150ملى | ماليزيا اسبراى اومو فيتفر رجالي | ماليزيا اسبراى اومو","",""
"فلاى بيبى فرشه اسنان أطفال بغطاء FN-905","فلاى بيبى اسنان أطفال بغطاء FN-905 | فلاى بيبى اسنان أطفال بغطاء | فلاى بيبى اسنان","",""
"فلاى بيبى فرشه اسنان أطفال بغطاء FN-907","فلاى بيبى اسنان أطفال بغطاء FN-907 | فلاى بيبى اسنان أطفال بغطاء | فلاى بيبى اسنان","",""
"نونو عبوة سفر 50 مل علبة (صغيره) بها 5 منتجات مشكلة","نونو عبوة سفر 50 مل علبة بها 5 منتجات مشكلة | نونو عبوة سفر 50 مل | نونو عبوة سفر","",""
"ماكرو برينجو لوشن 120 ملى","ماكرو برينجو لوشن 120 ملى | ماكرو برينجو لوشن","",""
"ماكرو بريمو بلس لوشن 120 مل","ماكرو بريمو بلس لوشن 120 مل | ماكرو بريمو بلس لوشن 120 | ماكرو بريمو بلس","",""
"كوكو واكس وايت باست فانيليا جوز الهند 100 جم","كوكو واكس وايت باست فانيليا جوز الهند 100 جم | كوكو واكس وايت باست فانيليا | كوكو واكس وايت","",""
"كوكو واكس وايت باست رومان 100 جم","كوكو واكس وايت باست رومان 100 جم | كوكو واكس وايت باست رومان | كوكو واكس وايت","",""
"كوكو واكس وايت باست باشون فروت 100 جم","كوكو واكس وايت باست باشون فروت 100 جم | كوكو واكس وايت باست باشون | كوكو واكس وايت","",""
"فاتيكا جل بطرمان 250مل كبير (ازرق)","فاتيكا جل بطرمان 250مل كبير | فاتيكا جل بطرمان","",""
"فاتيكا جل بطرمان 250 مل كبير (اخضر)","فاتيكا جل بطرمان 250 مل كبير | فاتيكا جل بطرمان 250 مل | فاتيكا جل بطرمان","",""
"ريد ازرق سوبر حشرات طائرة 269 ملى","ريد ازرق سوبر حشرات طائرة 269 ملى | ريد ازرق سوبر حشرات طائرة | ريد ازرق سوبر","",""
"ديتول صابون 85 جرام جدد نشاطك ك18عرض4 ق","ديتول صابون 85 جرام جدد نشاطك ك18عرض4 ق | ديتول صابون 85 جرام جدد | ديتول صابون 85","",""
"ديتول صابون 115 جرام صابون المغذى لفه*4ق","ديتول صابون 115 جرام صابون المغذى 4ق | ديتول صابون 115 جرام صابون | ديتول صابون 115","",""
"ديتول صابون 115 جرام كول لبنى لفه*4ق","ديتول صابون 115 جرام كول لبنى 4ق | ديتول صابون 115 جرام كول | ديتول صابون 115","",""
"ديتول صابون 115 جرام اورجينال اصلى اخضر لفه*4ق","ديتول صابون 115 جرام اورجينال اصلى اخضر 4ق | ديتول صابون 115 جرام اورجينال | ديتول صابون 115","",""
"انفينتى اوميجا ار اكس مكمل غذائى لضعف المناعه والتركيز شرنك (60+30 علكه)","انفينتى اوميجا ار اكس مكمل غذائى لضعف المناعه والتركيز شرنك | انفينتى اوميجا ار اكس مكمل | انفينتى اوميجا ار","",""
"مويست-1 كريم مرطب 100 مل","مويست-1 كريم مرطب 100 مل | مويست-1 كريم مرطب","",""
"مويست-1 بيبى نابى كريم زنك 150 مل","مويست-1 بيبى نابى كريم زنك 150 مل | مويست-1 بيبى نابى كريم زنك | مويست-1 بيبى نابى","",""
"بالمرز كريم 150 جرام بالبرجموت","بالمرز كريم 150 جرام بالبرجموت | بالمرز كريم 150","",""
"بالمرز كريم 150 جرام بجوز الهند","بالمرز كريم 150 جرام بجوز الهند | بالمرز كريم 150 جرام بجوز | بالمرز كريم 150","",""
